{
    "normg": 0.2,
    "dropout_lin": 0.1,
    "dropout_conv": 0.9,
    "lr_lin": 0.000294,
    "lr_conv": 0.01119,
    "wd_lin": 0.0004998,
    "wd_conv": 6.985e-05
}