{
    "normg": 0.85,
    "dropout_lin": 0.1,
    "dropout_conv": 0.8,
    "lr_lin": 0.08754,
    "lr_conv": 0.1289,
    "wd_lin": 3.629e-06,
    "wd_conv": 0.0003131
}