{
    "normg": 0.75,
    "dropout_lin": 0.1,
    "dropout_conv": 0.9,
    "lr_lin": 0.02427,
    "lr_conv": 0.00076,
    "wd_lin": 0.0001187,
    "wd_conv": 3.565e-05
}