{
    "normg": 0.65,
    "dropout_lin": 0.3,
    "dropout_conv": 0.7,
    "lr_lin": 0.03952,
    "lr_conv": 0.0001564,
    "wd_lin": 3.767e-06,
    "wd_conv": 1.742e-06,
    "beta": "0.75,-0.34",
    "theta_param": "0.15,0.85"
}