{
    "normg": 0.05,
    "dropout_lin": 0.7,
    "dropout_conv": 0.7,
    "lr_lin": 1.789e-05,
    "lr_conv": 0.01211,
    "wd_lin": 1.612e-05,
    "wd_conv": 0.0007688
}