{
    "normg": 0.9,
    "dropout_lin": 0.3,
    "dropout_conv": 0.6,
    "lr_lin": 0.04293,
    "lr_conv": 0.1141,
    "wd_lin": 0.0001335,
    "wd_conv": 3.735e-07
}