{
    "normg": 0.35,
    "dropout_lin": 0.4,
    "dropout_conv": 0.1,
    "lr_lin": 0.0001029,
    "lr_conv": 0.0001761,
    "wd_lin": 6.159e-05,
    "wd_conv": 0.0002108,
    "alpha": 0.141
}