{
    "normg": 0.95,
    "dropout_lin": 0.5,
    "dropout_conv": 0.8,
    "lr_lin": 0.0001442,
    "lr_conv": 0.0007219,
    "wd_lin": 5.379e-07,
    "wd_conv": 3.735e-07
}