{
    "normg": 0.05,
    "dropout_lin": 0.0,
    "dropout_conv": 0.6,
    "lr_lin": 0.06288,
    "lr_conv": 0.2298,
    "wd_lin": 0.0001029,
    "wd_conv": 2.019e-06
}