{
    "normg": 0.1,
    "dropout_lin": 0.4,
    "dropout_conv": 0.5,
    "lr_lin": 0.000163,
    "lr_conv": 0.01633,
    "wd_lin": 7.668e-07,
    "wd_conv": 0.0002331
}