{
    "normg": 0.7,
    "dropout_lin": 0.0,
    "dropout_conv": 0.0,
    "lr_lin": 0.0004883,
    "lr_conv": 0.1551,
    "wd_lin": 2.631e-05,
    "wd_conv": 0.0002119,
    "alpha": 0.4,
    "beta": 0.41
}