{
    "normg": 0.1,
    "dropout_lin": 0.4,
    "dropout_conv": 0.1,
    "lr_lin": 0.008254,
    "lr_conv": 0.003995,
    "wd_lin": 7.846e-05,
    "wd_conv": 1.848e-06
}