{
    "dropout_lin": 0.0,
    "lr_lin": 0.007292,
    "wd_lin": 0.0004759
}