{
    "normg": 0.1,
    "dropout_lin": 0.1,
    "dropout_conv": 0.7,
    "lr_lin": 0.1076,
    "lr_conv": 0.01961,
    "wd_lin": 2.008e-05,
    "wd_conv": 0.0002922
}