{
    "normg": 0.3,
    "dropout_lin": 0.4,
    "dropout_conv": 0.6,
    "lr_lin": 0.03616,
    "lr_conv": 0.0004596,
    "wd_lin": 0.0001222,
    "wd_conv": 8.247e-06
}