{
    "normg": 0.0,
    "dropout_lin": 0.3,
    "dropout_conv": 0.2,
    "lr_lin": 0.01974,
    "lr_conv": 0.0001638,
    "wd_lin": 5.08e-05,
    "wd_conv": 0.0004252
}