{
    "normg": 0.15,
    "dropout_lin": 0.5,
    "dropout_conv": 0.1,
    "lr_lin": 0.003366,
    "lr_conv": 0.0009823,
    "wd_lin": 1.369e-07,
    "wd_conv": 4.759e-06,
    "alpha": 2.7
}