{
    "normg": 0.2,
    "dropout_lin": 0.2,
    "dropout_conv": 0.1,
    "lr_lin": 0.09233,
    "lr_conv": 0.1626,
    "wd_lin": 2.127e-07,
    "wd_conv": 0.0001047
}