{
    "normg": 0.85,
    "dropout_lin": 0.4,
    "dropout_conv": 0.3,
    "lr_lin": 0.1198,
    "lr_conv": 0.06722,
    "wd_lin": 0.0007775,
    "wd_conv": 8.367e-05,
    "beta": "0.81,-0.24",
    "theta_param": "0.95,0.54"
}