{
    "normg": 0.0,
    "dropout_lin": 0.8,
    "dropout_conv": 0.2,
    "lr_lin": 0.002219,
    "lr_conv": 0.0001204,
    "wd_lin": 4.328e-06,
    "wd_conv": 0.0002878
}