{
    "normg": 0.95,
    "dropout_lin": 0.7,
    "dropout_conv": 0.6,
    "lr_lin": 0.02923,
    "lr_conv": 0.01382,
    "wd_lin": 0.0002163,
    "wd_conv": 1.23e-07
}