{
    "normg": 0.25,
    "dropout_lin": 0.0,
    "dropout_conv": 0.6,
    "lr_lin": 0.005216,
    "lr_conv": 0.01022,
    "wd_lin": 2.424e-05,
    "wd_conv": 4.893e-06,
    "alpha": 0.0201
}