{
    "normg": 0.75,
    "dropout_lin": 0.2,
    "dropout_conv": 0.3,
    "lr_lin": 0.0005116,
    "lr_conv": 0.0009624,
    "wd_lin": 2.043e-07,
    "wd_conv": 3.655e-07,
    "alpha": 2.99
}