{
    "normg": 0.75,
    "dropout_lin": 0.3,
    "dropout_conv": 0.2,
    "lr_lin": 0.07723,
    "lr_conv": 0.003034,
    "wd_lin": 1.551e-05,
    "wd_conv": 8.349e-05
}