{
    "normg": 0.95,
    "dropout_lin": 0.2,
    "dropout_conv": 0.9,
    "lr_lin": 0.02592,
    "lr_conv": 0.1471,
    "wd_lin": 4.614e-06,
    "wd_conv": 0.0006867,
    "alpha": 1.36
}