{
    "normg": 0.3,
    "dropout_lin": 0.8,
    "dropout_conv": 0.2,
    "lr_lin": 0.01,
    "lr_conv": 0.0002211,
    "wd_lin": 2.189e-05,
    "wd_conv": 0.0004834
}