{
    "normg": 0.15,
    "dropout_lin": 0.1,
    "dropout_conv": 0.4,
    "lr_lin": 0.1747,
    "lr_conv": 0.07482,
    "wd_lin": 0.0001164,
    "wd_conv": 3.009e-05
}