{
    "normg": 0.35,
    "dropout_lin": 0.5,
    "dropout_conv": 0.8,
    "lr_lin": 0.001693,
    "lr_conv": 0.1622,
    "wd_lin": 6.577e-07,
    "wd_conv": 0.0009437
}