{
    "normg": 0.75,
    "dropout_lin": 0.4,
    "dropout_conv": 0.9,
    "lr_lin": 0.01556,
    "lr_conv": 0.005174,
    "wd_lin": 0.000632,
    "wd_conv": 3.996e-06
}