{
    "normg": 0.85,
    "dropout_lin": 0.3,
    "dropout_conv": 0.5,
    "lr_lin": 0.08346,
    "lr_conv": 0.002955,
    "wd_lin": 0.0001232,
    "wd_conv": 2.98e-05
}