{
    "normg": 0.55,
    "dropout_lin": 0.0,
    "dropout_conv": 0.9,
    "lr_lin": 0.004733,
    "lr_conv": 0.01847,
    "wd_lin": 5.994e-06,
    "wd_conv": 0.0003858
}