{
    "normg": 0.3,
    "dropout_lin": 0.3,
    "dropout_conv": 0.3,
    "lr_lin": 0.000837,
    "lr_conv": 0.0002204,
    "wd_lin": 2.313e-07,
    "wd_conv": 0.0001053
}