{
    "normg": 0.4,
    "dropout_lin": 0.6,
    "dropout_conv": 0.6,
    "lr_lin": 0.01539,
    "lr_conv": 0.0003388,
    "wd_lin": 3.235e-06,
    "wd_conv": 7.252e-06
}