{
    "normg": 0.45,
    "dropout_lin": 0.3,
    "dropout_conv": 0.8,
    "lr_lin": 0.001749,
    "lr_conv": 0.1102,
    "wd_lin": 5.111e-07,
    "wd_conv": 0.0002034
}