{
    "normg": 0.65,
    "dropout_lin": 0.5,
    "dropout_conv": 0.6,
    "lr_lin": 0.1237,
    "lr_conv": 0.09846,
    "wd_lin": 0.0001349,
    "wd_conv": 0.0009972
}