{
    "normg": 1.0,
    "dropout_lin": 0.2,
    "dropout_conv": 0.0,
    "lr_lin": 0.0008292,
    "lr_conv": 0.0008533,
    "wd_lin": 0.0001238,
    "wd_conv": 4.916e-07,
    "alpha": 2.65
}