{
    "normg": 0.4,
    "dropout_lin": 0.1,
    "dropout_conv": 0.9,
    "lr_lin": 0.07005,
    "lr_conv": 4.508e-05,
    "wd_lin": 0.0001571,
    "wd_conv": 2.937e-05
}