{
    "normg": 0.3,
    "dropout_lin": 0.2,
    "dropout_conv": 0.8,
    "lr_lin": 0.0006699,
    "lr_conv": 0.008033,
    "wd_lin": 1.549e-05,
    "wd_conv": 1.021e-07,
    "alpha": 0.0218
}