{
    "normg": 0.05,
    "dropout_lin": 0.2,
    "dropout_conv": 0.5,
    "lr_lin": 0.000136,
    "lr_conv": 0.008242,
    "wd_lin": 3.126e-07,
    "wd_conv": 1.088e-05,
    "beta": "1.79,0.76"
}