{
    "normg": 0.85,
    "dropout_lin": 0.4,
    "dropout_conv": 0.3,
    "lr_lin": 0.08734,
    "lr_conv": 0.01463,
    "wd_lin": 0.0002701,
    "wd_conv": 1.644e-06
}