{
    "normg": 0.2,
    "dropout_lin": 0.4,
    "dropout_conv": 0.1,
    "lr_lin": 0.02199,
    "lr_conv": 0.0004075,
    "wd_lin": 3.792e-07,
    "wd_conv": 1.442e-06
}