{
    "normg": 0.5,
    "dropout_lin": 0.1,
    "dropout_conv": 0.8,
    "lr_lin": 0.02318,
    "lr_conv": 0.0001262,
    "wd_lin": 0.0002477,
    "wd_conv": 1.508e-05,
    "alpha": 0.0287
}