{
    "normg": 0.05,
    "dropout_lin": 0.4,
    "dropout_conv": 0.9,
    "lr_lin": 0.01715,
    "lr_conv": 0.03145,
    "wd_lin": 3.338e-05,
    "wd_conv": 0.0006408,
    "alpha": 0.0608
}