{
    "normg": 1.0,
    "dropout_lin": 0.3,
    "dropout_conv": 0.7,
    "lr_lin": 0.05188,
    "lr_conv": 0.01601,
    "wd_lin": 0.0005669,
    "wd_conv": 6.785e-05
}