{
    "normg": 0.0,
    "dropout_lin": 0.6,
    "dropout_conv": 0.4,
    "lr_lin": 0.3532,
    "lr_conv": 0.0001379,
    "wd_lin": 0.0002941,
    "wd_conv": 1.604e-07,
    "alpha": 0.74,
    "beta": 0.91
}