{
    "normg": 0.4,
    "dropout_lin": 0.6,
    "dropout_conv": 0.7,
    "lr_lin": 0.03364,
    "lr_conv": 0.01944,
    "wd_lin": 2.836e-07,
    "wd_conv": 0.0001296
}