{
    "normg": 0.55,
    "dropout_lin": 0.5,
    "dropout_conv": 0.2,
    "lr_lin": 0.04721,
    "lr_conv": 0.01103,
    "wd_lin": 5.951e-06,
    "wd_conv": 0.0008167
}