{
    "normg": 0.6,
    "dropout_lin": 0.3,
    "dropout_conv": 0.8,
    "lr_lin": 0.008665,
    "lr_conv": 1.138e-05,
    "wd_lin": 1.04e-07,
    "wd_conv": 0.0008649
}