{
    "normg": 0.95,
    "dropout_lin": 0.3,
    "dropout_conv": 0.1,
    "lr_lin": 0.000465,
    "lr_conv": 0.000885,
    "wd_lin": 2.989e-05,
    "wd_conv": 2.617e-05
}