{
    "normg": 0.1,
    "dropout_lin": 0.6,
    "dropout_conv": 0.4,
    "lr_lin": 6.131e-05,
    "lr_conv": 0.01116,
    "wd_lin": 1.058e-05,
    "wd_conv": 0.0008239
}