{
    "normg": 1.0,
    "dropout_lin": 0.0,
    "dropout_conv": 0.2,
    "lr_lin": 0.001786,
    "lr_conv": 0.006539,
    "wd_lin": 0.0001302,
    "wd_conv": 1.016e-06,
    "beta": "1.91,0.01",
    "theta_param": "0.143,0.11"
}