{
    "normg": 0.55,
    "dropout_lin": 0.3,
    "dropout_conv": 0.8,
    "lr_lin": 0.02388,
    "lr_conv": 0.0002697,
    "wd_lin": 1.119e-05,
    "wd_conv": 7.452e-05
}