{
    "normg": 0.4,
    "dropout_lin": 0.3,
    "dropout_conv": 0.9,
    "lr_lin": 0.006648,
    "lr_conv": 0.0002608,
    "wd_lin": 0.0005793,
    "wd_conv": 0.0006932
}