{
    "normg": 0.55,
    "dropout_lin": 0.3,
    "dropout_conv": 0.8,
    "lr_lin": 0.04974,
    "lr_conv": 0.009072,
    "wd_lin": 0.0004059,
    "wd_conv": 1.479e-07
}