{
    "normg": 1.0,
    "dropout_lin": 0.1,
    "dropout_conv": 0.7,
    "lr_lin": 0.01349,
    "lr_conv": 0.0001019,
    "wd_lin": 2.494e-06,
    "wd_conv": 1.683e-05
}