{
    "normg": 0.65,
    "dropout_lin": 0.3,
    "dropout_conv": 0.9,
    "lr_lin": 0.0002825,
    "lr_conv": 0.0003794,
    "wd_lin": 7.719e-07,
    "wd_conv": 3.151e-07
}