{
    "normg": 0.05,
    "dropout_lin": 0.3,
    "dropout_conv": 0.0,
    "lr_lin": 0.00066,
    "lr_conv": 0.008442,
    "wd_lin": 2.624e-07,
    "wd_conv": 1.362e-06
}