{
    "normg": 0.65,
    "dropout_lin": 0.7,
    "dropout_conv": 0.8,
    "lr_lin": 0.01434,
    "lr_conv": 0.02021,
    "wd_lin": 0.0001063,
    "wd_conv": 3.117e-05
}