{
    "normg": 0.3,
    "dropout_lin": 0.2,
    "dropout_conv": 0.4,
    "lr_lin": 0.03479,
    "lr_conv": 0.001702,
    "wd_lin": 2.255e-07,
    "wd_conv": 0.0006536,
    "alpha": 0.2,
    "beta": 0.99
}