{
    "normg": 0.1,
    "dropout_lin": 0.1,
    "dropout_conv": 0.7,
    "lr_lin": 0.0007891,
    "lr_conv": 0.005874,
    "wd_lin": 3.771e-06,
    "wd_conv": 4.918e-07,
    "alpha": 0.734
}