{
    "normg": 0.0,
    "dropout_lin": 0.6,
    "dropout_conv": 0.2,
    "lr_lin": 0.00531,
    "lr_conv": 0.009777,
    "wd_lin": 0.0001688,
    "wd_conv": 0.0003289
}