{
    "normg": 0.9,
    "dropout_lin": 0.7,
    "dropout_conv": 0.5,
    "lr_lin": 0.0002239,
    "lr_conv": 2.864e-05,
    "wd_lin": 1.715e-07,
    "wd_conv": 0.0001065,
    "beta": "0.6,-0.91",
    "theta_param": "0.24,0.34"
}