{
    "normg": 0.65,
    "dropout_lin": 0.3,
    "dropout_conv": 0.7,
    "lr_lin": 0.1008,
    "lr_conv": 0.001364,
    "wd_lin": 9.758e-06,
    "wd_conv": 0.0002285,
    "alpha": 0.297
}