{
    "normg": 0.05,
    "dropout_lin": 0.3,
    "dropout_conv": 0.6,
    "lr_lin": 0.001595,
    "lr_conv": 0.03243,
    "wd_lin": 0.0008129,
    "wd_conv": 3.644e-07
}