{
    "normg": 0.6,
    "dropout_lin": 0.3,
    "dropout_conv": 0.5,
    "lr_lin": 0.01464,
    "lr_conv": 2.941e-05,
    "wd_lin": 0.0004336,
    "wd_conv": 3.048e-05
}