{
    "normg": 0.85,
    "dropout_lin": 0.3,
    "dropout_conv": 0.7,
    "lr_lin": 0.05541,
    "lr_conv": 0.000231,
    "wd_lin": 9.748e-07,
    "wd_conv": 1.764e-07
}