{
    "normg": 1.0,
    "dropout_lin": 0.3,
    "dropout_conv": 0.5,
    "lr_lin": 0.005415,
    "lr_conv": 1.113e-05,
    "wd_lin": 0.0001541,
    "wd_conv": 5.166e-07
}