{
    "normg": 1.0,
    "dropout_lin": 0.3,
    "dropout_conv": 0.6,
    "lr_lin": 0.2723,
    "lr_conv": 0.01295,
    "wd_lin": 1.067e-06,
    "wd_conv": 0.0008467,
    "alpha": 0.0463
}