{
    "normg": 0.6,
    "dropout_lin": 0.1,
    "dropout_conv": 0.2,
    "lr_lin": 0.02833,
    "lr_conv": 0.1749,
    "wd_lin": 1.977e-06,
    "wd_conv": 0.0001733
}