{
    "normg": 0.65,
    "dropout_lin": 0.1,
    "dropout_conv": 0.9,
    "lr_lin": 0.05077,
    "lr_conv": 0.0006076,
    "wd_lin": 1.536e-07,
    "wd_conv": 2.164e-05,
    "alpha": 0.0102
}