{
    "normg": 0.8,
    "dropout_lin": 0.3,
    "dropout_conv": 0.5,
    "lr_lin": 0.02978,
    "lr_conv": 1.541e-05,
    "wd_lin": 8.052e-07,
    "wd_conv": 0.0003687
}