{
    "normg": 0.15,
    "dropout_lin": 0.3,
    "dropout_conv": 0.6,
    "lr_lin": 0.3463,
    "lr_conv": 0.04059,
    "wd_lin": 2.087e-05,
    "wd_conv": 0.0008323
}