{
    "normg": 0.0,
    "dropout_lin": 0.3,
    "dropout_conv": 0.4,
    "lr_lin": 0.001381,
    "lr_conv": 0.0005926,
    "wd_lin": 1.182e-06,
    "wd_conv": 1.509e-07
}