{
    "normg": 0.75,
    "dropout_lin": 0.3,
    "dropout_conv": 0.6,
    "lr_lin": 0.05995,
    "lr_conv": 0.0004996,
    "wd_lin": 8.07e-06,
    "wd_conv": 0.0008488,
    "beta": "1.1,0.88",
    "theta_param": "0.202,0.32"
}