{
    "normg": 0.6,
    "dropout_lin": 0.4,
    "dropout_conv": 0.0,
    "lr_lin": 0.08727,
    "lr_conv": 0.0002788,
    "wd_lin": 4.172e-05,
    "wd_conv": 1.686e-06
}