{
    "normg": 0.25,
    "dropout_lin": 0.6,
    "dropout_conv": 0.5,
    "lr_lin": 0.001853,
    "lr_conv": 0.0003588,
    "wd_lin": 6.275e-07,
    "wd_conv": 0.0005
}