{
    "normg": 0.9,
    "dropout_lin": 0.1,
    "dropout_conv": 0.9,
    "lr_lin": 0.09574,
    "lr_conv": 0.1411,
    "wd_lin": 0.0005165,
    "wd_conv": 0.0004104
}