{
    "normg": 0.65,
    "dropout_lin": 0.4,
    "dropout_conv": 0.0,
    "lr_lin": 0.005761,
    "lr_conv": 0.0002122,
    "wd_lin": 0.0001651,
    "wd_conv": 3.76e-05
}