{
    "normg": 0.1,
    "dropout_lin": 0.0,
    "dropout_conv": 0.4,
    "lr_lin": 0.05565,
    "lr_conv": 0.0002434,
    "wd_lin": 1.361e-05,
    "wd_conv": 0.0001845
}