{
    "normg": 0.1,
    "dropout_lin": 0.5,
    "dropout_conv": 0.5,
    "lr_lin": 0.08969,
    "lr_conv": 0.3443,
    "wd_lin": 1.633e-05,
    "wd_conv": 0.0009106,
    "alpha": 0.73,
    "beta": 0.39
}