{
    "normg": 0.2,
    "dropout_lin": 0.6,
    "dropout_conv": 0.7,
    "lr_lin": 0.06214,
    "lr_conv": 0.0006261,
    "wd_lin": 1.567e-07,
    "wd_conv": 0.0005021
}