{
    "normg": 0.85,
    "dropout_lin": 0.1,
    "dropout_conv": 0.0,
    "lr_lin": 0.1039,
    "lr_conv": 0.006349,
    "wd_lin": 0.0001549,
    "wd_conv": 1.797e-05
}