{
    "normg": 0.35,
    "dropout_lin": 0.3,
    "dropout_conv": 0.5,
    "lr_lin": 0.04994,
    "lr_conv": 0.0002075,
    "wd_lin": 4.697e-05,
    "wd_conv": 0.0008052
}