{
    "normg": 0.8,
    "dropout_lin": 0.1,
    "dropout_conv": 0.8,
    "lr_lin": 0.06122,
    "lr_conv": 0.01278,
    "wd_lin": 0.0005648,
    "wd_conv": 2.013e-06
}