{
    "normg": 0.4,
    "dropout_lin": 0.2,
    "dropout_conv": 0.3,
    "lr_lin": 0.007442,
    "lr_conv": 0.2688,
    "wd_lin": 0.0002093,
    "wd_conv": 2.392e-05
}