{
    "normg": 0.05,
    "dropout_lin": 0.1,
    "dropout_conv": 0.3,
    "lr_lin": 2.041e-05,
    "lr_conv": 1.618e-05,
    "wd_lin": 0.0002623,
    "wd_conv": 0.0001424
}