{
    "normg": 0.3,
    "dropout_lin": 0.6,
    "dropout_conv": 0.3,
    "lr_lin": 0.09422,
    "lr_conv": 0.0001439,
    "wd_lin": 1.347e-05,
    "wd_conv": 0.0005766
}